sequence,pred_fit
LTAPSIKSGTILHAWNWSFNTLKHNMKCIHDAGYTAIQTSPINQMKEQNQIDKSMSNWYWLYQPTMYQIGHRYLGTEQEFKEMCAAAEEYGIVVIVDMVINHTTSAYAAMSNEVKSIPICTLGNTQIKNWSDRWDVTQNSLSGLYDWNTQLTQVVSYLKECLRRCLNMGADGFRFDAAKHIHLNDSGSYGSWFWPNITNTSAEFQYGEILQDSVSRNAAYANYMDVTESNYGHSIRSALKNRFLGVSNISHYAVDVSAWKLVQWVEMHDTYANGDEESTWMYDDDIRLGWAVIASRSGSTPLFFSRPEGGGWGVRFPWKTQIGDRISALYEDQAITAVHIFHNVMAGQPEELSNVNGANCIFMNQRGSHGWVLANAGSSSVYINTATKCPDGRYDNKAGWFSMQVNDGKLTGTINARSVAVLYPD,1.0891793966293335
LTAPSIKSGTILHAWNWSFNTLKHNMKCIHDAGYTAIQTSPINQVKEQNQIDKSMSNWYWLYQPTMYQIGHRYLGTEQEFKEMCAAAEEYGIVVIVDMVINHTTSAYAAMSNEVKSIPICTLGNTQIKNWSDRWDVTQNSLSGLYDWNTQLTQVVSYLKECLRRCLNMGADGFRFDAAKHIHLNDSGSYGSWFWPNITNTSAEFQYGEILQDSVSRNAAYANYMDVTESNYGHSIRSALKNRFLGVSNISHYAVDVSAWKLVQWVEMHDTYANGDEESTWMYDDDIRLGWAVIASRSGSTPLFFSRPEGGGWGVRFPWKTQIGDRISALYEDQAITAVHIFHNVMAGQPEELSNVNGANCIFMNQRGSHGWVLANAGSSSVYINTATKCPDGRYDNKAGWFSMQVNDGKLTGTINARSVAVLYPD,1.0871423482894895
LTAPSIKSGTILHAWNWSFNTLKHNMKCIHDAGYTAIQTSPINQVKEQNQIDKSMSNWYWLYQPTMYQIGHRYLGTEQEFKEMCAAAEEYGIVVIVDMVINHTTSAYAAMSNEVKSIPICTLGNTQIKNWSDRWDVTQNSLSGLYDWNTQNTQVVSYLKECLRRCLNMGADGFRFDAAKHIHLNDSGSYGSWFWPNITNTSAEFQYGEILQDSVSRNAAYANYMDVTESNYGHSIRSALKNRFLGVSNISHYAVDVSAWKLVQWVEMHDTYANGDEESTWMYDDDIRLGWAVIASRSGSTPLFFSRPEGGGWGVRFPWKTQIGDRISALYEDQAITAVHIFHNVMAGQPEELSNVNGANCIFMNQRGSHGWVLANAGSSSVYINTATKCPDGRYDNKAGWFSMQVNDGKLTGTINARSVAVLYPD,1.0857036113739014
LTAPSIKSGTILHAWNWSFNTLKHNMKCIHDAGYTAIQTSPINQVKEQNQIDKSMSNWYWLYQPTMYQIGNRYLGTEQEFKEMCAAAEEYGIVVIVDMVINHTTSAYAAMSNEVKSIPICTLGNTQIKNWSDRWDVTQNSLSGLYDWNTQNTQVVSYLKECLDRCLNMGADGFRFDAAKHIHLNDSGSYGSWFWPNITNTSAEFQYGEILQDSVSRNAAYANYMDVTESNYGHSIRSALKNRFLGVSNISHYAVDVSAWKLVQWVEMHDTYANGDEESTWMYDDDIRLGWAVIASRSGSTPLFFSRPEGGGWGVRFPWKTQIGDRISALYEDQAITAVHIFHNVMAGQPEELSNVNGANCIFMNQRGSHGWVLANAGSSSVYINTATKCPDGRYDNKAGWFSMQVNDGKLTGTINARSVAVLYPD,1.0847052335739136
LTAPSIKSGTILHAWNWSFNTLKHNMKCIHDAGYTAIQTSPINQVKEQNQIDKSMSNWYWLYQPTMYQIGHRYLGTEQEFKEMCAAAEEYGIVVIVDMVINHTTSAYAAMSNEVKSIPICTLGNTQIKNWSDRWDVTQNSLSGLYDWNTQNTQVVSYLKECLDRCLNMGADGFRFDAAKHIHLNDSGSYGSWFWPNITNTSAEFQYGEILQDSVSRNAAYANYMDVTESNYGHSIRSALKNRFLGVSNISHYAVDVSAWKLVQWVEMHDTYANGDEESTWMYDDDIRLGWAVIASRSGSTPLFFSRPEGGGWGVRFPWKTQIGDRISALYEDQAITAVHIFHNVMAGQPEELSNVNGANCIFMNQRGSHGWVLANAGSSSVYINTATKCPDGRYDNKAGWFSMQVNDGKLTGTINARSVAVLYPD,1.0839093923568726
LTAPSIKSGTILHAWNWSFNTLKHNMKCIHDAGYTAIQTSPINQVKEQNQIDKSMSNWYWLYQPTMYQIGNRYLGTEQEFKEMCAAAEEYGIVVIVDMVINHTTSAYAAMSNEVKSIPICTLGNTQIKNWSDRWDVTQNSLSGLYDWNTQNTQVVSYLKECLDRCLNMGADGFRFDAAKHIHLNDSGSYGSWFWPNITNTSAEFQYGEILQDSVSRNAAYANYMDVTESNYGHSIRSALKNRFLGVSNISHYAVDVSAWKLVQWVEMHDTYANGDEESTWMYDDDIRLGWAVIASRSGSTPLFFSRPEGGGWGVRFPSKTQIGDRISALYEDQAITAVHIFHNVMAGQPEELSNVNGANCIFMNQRGSHGWVLANAGSSSVYINTATKCPDGRYDNKAGWFSMQVNDGKLTGTINARSVAVLYPD,1.0835667848587036
LTAPSIKSGTILHAWNWSFNTLKHNMKCIHDAGYTAIQTSPINQVKEQNQIDKSMSNWYWLYQPTMYQIGNRYLGTEQEFKEMCAAAEEYGIVVIVDMVINHTTSAYAAMSNEVKSIPICTLGNTQIKNWSDRWDVTQNSLSGLYDWNTQNTQVVSYLKECLDRCLNMGADGFRFDAAKHIHLNDSGSYGSWFWPNITNTSAEFQYGEILQDSVSRNAAYANYMDVTESNYGHSIRSALKNRFLGVSNISHYAVDVSAWKLVQWVEMHDTYANGDEESTWMSDDDIRLGWAVIASRSGSTPLFFSRPEGGGWGVRFPSKTQIGDRISALYEDQAITAVHIFHNVMAGQPEELSNVNGANCIFMNQRGSHGWVLANAGSSSVYINTATKCPDGRYDNKAGWFSMQVNDGKLTGTINARSVAVLYPD,1.0809731483459473
LTAPSIKSGTILHAWNWSFNTLKHNMKCIHDAGYTAIQTSPINQVKEQNQIDKSMSNWYWLYQPTMYQIGNRYLGTEQEFKEMCAAAEEYGIVVIVDMVINHTTSAYAAMSNEVKSIPNCTLGNTQIKNWSDRWDVTQNSLSGLYDWNTQNTQVVSYLKECLDRCLNMGADGFRFDAAKHIHLNDSGSYGSWFWPNITNTSAEFQYGEILQDSVSRNAAYANYMDVTESNYGHSIRSALKNRFLGVSNISHYAVDVSAWKLVQWVEMHDTYANGDEESTWMSDDDIRLGWAVIASRSGSTPLFFSRPEGGGWGVRFPSKTQIGDRISALYEDQAITAVHIFHNVMAGQPEELSNVNGANCIFMNQRGSHGWVLANAGSSSVYINTATKCPDGRYDNKAGWFSMQVNDGKLTGTINARSVAVLYPD,1.0793960094451904
LTAPSIKSGTILHAWNWSFNTLKHNMKCIHDAGYTAIQTSPINQMKEQNQIDKSMSNWYWLYQPTMYQIGHRYLGTEQEFKEMCAAAEEYGIVVIVDMVINHTTSAYAAMSNEVKSIPICTLGNTQIKNWSDRWDVTQNSLSGLYDWNTQLTQVVSYLKECLRRCLNDGADGFRFDAAKHIHLNDSGSYGSWFWPNITNTSYEFQYGEILQDSVSRNAAYANYMDVTESNYGHSIRSALKNRFLGVSNISHYAVDVSAWKLVQWVEMHDTYANGDEESTWMYDDDIRLGWAVIASRSGSTPLFFSRPEGGGWGVRFPWKTQIGDRISALYEDQAITAVHIFHNVMAGQPEELSNVNGANCIFMNQRGSHGWVLANAGSSSVYINTATKCPDGRYDNKAGWFSMQVNDGKLTGTINARSVAVLYPD,1.0784058570861816
LTAPSIKSGTILHAWNWSFNTLKHNMKCIHDAGYTAIQTSPINQMKEQNQIDKSMSNWYWLYQPTMYQIGHRYLGTEQEFKEMCAAAEEYGIVVIVDMVINHTTSAYAAMSNEVKSIPICTLGNTQIKNWSDRWDVTQNSLSGLYDWNTQLTQVVSYLKECLRRCLNDGADGFRFDAAKHIHLNDSGSYGSWFWPNITNTSAEFQYGEILQDSVSRNAAYANYMDVTESNYGHSIRSALKNRFLGVSNISHYAVDVSAWKLVQWVEMHDTYANGDEESTWMYDDDIRLGWAVIASRSGSTPLFFSRPEGGGWGVRFPWKTQIGDRISALYEDQAITAVHIFHNVMAGQPEELSNVNGANCIFMNQRGSHGWVLANAGSSSVYINTATKCPDGRYQNKAGWFSMQVNDGKLTGTINARSVAVLYPD,1.0769561529159546
